{
"lengthUnit": "mil",
"remark": [],
"components": {
	"fields": ["COMPONENT_NO", "COMPONENT_NAME", "LAYER", "X_COORDINATE", "Y_COORDINATE", "ANGLE"],
	"rows": [
		[1, "R1", "T", 1165, 3270, 0],
		[2, "U8", "B", 780, 3025, 180],
		[3, "PAD1", "B", 715, 1610, 0],
		[4, "PAD2", "B", 815, 1610, 0],
		[5, "PAD3", "B", 765, 1610, 0],
		[6, "PAD4", "T", 765, 1610, 0],
		[7, "PAD5", "T", 815, 1610, 0],
		[8, "PAD6", "T", 715, 1610, 0],
		[9, "PAD7", "T", 1194.66, 3270, 0],
		[10, "PAD8", "T", 1135.34, 3270, 0],
		[11, "PAD9", "B", 780, 3024.99, 0],
		[12, "PAD10", "B", 856.09, 3060.42, 0],
		[13, "PAD11", "B", 856.09, 3042.71, 0],
		[14, "PAD12", "B", 856.09, 3024.99, 0],
		[15, "PAD13", "B", 856.09, 3007.27, 0],
		[16, "PAD14", "B", 856.09, 2989.56, 0],
		[17, "PAD15", "B", 833.15, 2948.89, 0],
		[18, "PAD16", "B", 815.43, 2948.89, 0],
		[19, "PAD17", "B", 797.72, 2948.89, 0],
		[20, "PAD18", "B", 780, 2948.89, 0],
		[21, "PAD19", "B", 762.28, 2948.89, 0],
		[22, "PAD20", "B", 744.57, 2948.89, 0],
		[23, "PAD21", "B", 703.9, 2989.56, 0],
		[24, "PAD22", "B", 703.9, 3007.27, 0],
		[25, "PAD23", "B", 703.9, 3024.99, 0],
		[26, "PAD24", "B", 703.9, 3042.71, 0],
		[27, "PAD25", "B", 703.9, 3060.42, 0],
		[28, "PAD26", "B", 744.57, 3101.1, 0],
		[29, "PAD27", "B", 762.28, 3101.1, 0],
		[30, "PAD28", "B", 780, 3101.1, 0],
		[31, "PAD29", "B", 797.72, 3101.1, 0],
		[32, "PAD30", "B", 815.43, 3101.1, 0],
		[33, "PAD31", "B", 856.1, 2971.84, 0],
		[34, "PAD32", "B", 726.85, 2948.89, 0],
		[35, "PAD33", "B", 703.9, 2971.84, 0],
		[36, "PAD34", "B", 703.9, 3078.14, 0],
		[37, "PAD35", "B", 726.85, 3101.09, 0],
		[38, "PAD36", "B", 833.14, 3101.1, 0],
		[39, "PAD37", "B", 856.09, 3078.14, 0],
		[40, "PAD38", "T", 797.993, 3400, 0],
		[41, "PAD39", "T", 661.1728, 3400, 0],
		[42, "PAD40", "T", 530, 3400, 0],
		[43, "PAD41", "T", 405, 3400, 0],
		[44, "PAD42", "T", 930, 3400, 0],
		[45, "PAD43", "T", 1069.6951, 3400, 0],
		[46, "PAD44", "T", 1165, 3160, 0],
		[47, "PAD45", "T", 405, 2985, 0]
	]
},
"pins": {
	"fields": ["PIN_NO", "PIN_NAME", "PIN_X", "PIN_Y", "LAYER", "PIN_TYPE", "NET_NAME", "NET_TYPE", "PAD_SHAPE", "PAD_SIZEX", "PAD_SIZEY", "HOLE_SIZE", "HOLE_LEN", "PAD_ANGLE"],
	"rows": [
		[1, "R1_1", 1135.34, 3270, "T", "SMD", "GND", "GND", "R", 31.751, 34.016, 0, 0, 0],
		[2, "R1_2", 1194.66, 3270, "T", "SMD", "U9_2", "", "R", 31.751, 34.016, 0, 0, 0],
		[3, "U8_1", 856.09, 3078.14, "B", "SMD", "U8_1", "", "P", 26.181, 8.663, 0, 0, 180],
		[4, "U8_2", 856.09, 3060.42, "B", "SMD", "U8_2", "", "R", 8.661, 26.181, 0, 0, 90],
		[5, "U8_3", 856.09, 3042.71, "B", "SMD", "VDD", "", "R", 8.661, 26.181, 0, 0, 90],
		[6, "U8_4", 856.09, 3024.99, "B", "SMD", "GND", "GND", "R", 8.661, 26.181, 0, 0, 90],
		[7, "U8_5", 856.09, 3007.27, "B", "SMD", "U8_5", "", "R", 8.661, 26.181, 0, 0, 90],
		[8, "U8_6", 856.09, 2989.56, "B", "SMD", "U8_6", "", "R", 8.661, 26.181, 0, 0, 90],
		[9, "U8_7", 856.1, 2971.84, "B", "SMD", "U8_7", "", "P", 26.181, 8.662, 0, 0, 180],
		[10, "U8_8", 833.15, 2948.89, "B", "SMD", "U8_8", "", "P", 8.662, 26.181, 0, 0, 90],
		[11, "U8_9", 815.43, 2948.89, "B", "SMD", "U8_9", "", "R", 26.181, 8.661, 0, 0, 90],
		[12, "U8_10", 797.72, 2948.89, "B", "SMD", "U8_10", "", "R", 26.181, 8.661, 0, 0, 90],
		[13, "U8_11", 780, 2948.89, "B", "SMD", "U8_11", "", "R", 26.181, 8.661, 0, 0, 90],
		[14, "U8_12", 762.28, 2948.89, "B", "SMD", "SS0", "", "R", 26.181, 8.661, 0, 0, 90],
		[15, "U8_13", 744.57, 2948.89, "B", "SMD", "MISO", "", "R", 26.181, 8.661, 0, 0, 90],
		[16, "U8_14", 726.85, 2948.89, "B", "SMD", "MOSI", "", "P", 8.662, 26.18, 0, 0, 90],
		[17, "U8_15", 703.9, 2971.84, "B", "SMD", "SCLK", "", "P", 26.181, 8.663, 0, 0, 0],
		[18, "U8_16", 703.9, 2989.56, "B", "SMD", "U8_16", "", "R", 8.661, 26.181, 0, 0, 90],
		[19, "U8_17", 703.9, 3007.27, "B", "SMD", "U8_17", "", "R", 8.661, 26.181, 0, 0, 90],
		[20, "U8_18", 703.9, 3024.99, "B", "SMD", "U8_18", "", "R", 8.661, 26.181, 0, 0, 90],
		[21, "U8_19", 703.9, 3042.71, "B", "SMD", "A0", "", "R", 8.661, 26.181, 0, 0, 90],
		[22, "U8_20", 703.9, 3060.42, "B", "SMD", "A1", "", "R", 8.661, 26.181, 0, 0, 90],
		[23, "U8_21", 703.9, 3078.14, "B", "SMD", "A2", "", "P", 26.18, 8.663, 0, 0, 0],
		[24, "U8_22", 726.85, 3101.09, "B", "SMD", "A3", "", "P", 8.661, 26.181, 0, 0, 270],
		[25, "U8_23", 744.57, 3101.1, "B", "SMD", "A4", "", "R", 26.181, 8.661, 0, 0, 90],
		[26, "U8_24", 762.28, 3101.1, "B", "SMD", "U8_24", "", "R", 26.181, 8.661, 0, 0, 90],
		[27, "U8_25", 780, 3101.1, "B", "SMD", "U8_25", "", "R", 26.181, 8.661, 0, 0, 90],
		[28, "U8_26", 797.72, 3101.1, "B", "SMD", "U8_26", "", "R", 26.181, 8.661, 0, 0, 90],
		[29, "U8_27", 815.43, 3101.1, "B", "SMD", "U8_27", "", "R", 26.181, 8.661, 0, 0, 90],
		[30, "U8_28", 833.14, 3101.1, "B", "SMD", "U8_28", "", "P", 8.661, 26.182, 0, 0, 270],
		[31, "U8_29", 780, 3024.99, "B", "SMD", "U8_29", "", "R", 94.488, 94.488, 0, 0, 180],
		[32, "PAD1_6", 715, 1610, "B", "SMD", "SS0", "", "R", 40.157, 157.48, 0, 0, 0],
		[33, "PAD2_2", 815, 1610, "B", "SMD", "GND", "GND", "R", 40.157, 157.48, 0, 0, 0],
		[34, "PAD3_4", 765, 1610, "B", "SMD", "MISO", "", "R", 40.157, 157.48, 0, 0, 0],
		[35, "PAD4_3", 765, 1610, "T", "SMD", "MOSI", "", "R", 40.157, 157.48, 0, 0, 0],
		[36, "PAD5_1", 815, 1610, "T", "SMD", "VDD", "", "R", 40.157, 157.48, 0, 0, 0],
		[37, "PAD6_5", 715, 1610, "T", "SMD", "SCLK", "", "R", 40.157, 157.48, 0, 0, 0],
		[38, "PAD7_2", 1194.66, 3270, "T", "SMD", "U9_2", "", "R", 31.751, 34.016, 0, 0, 0],
		[39, "PAD8_1", 1135.34, 3270, "T", "SMD", "GND", "GND", "R", 31.751, 34.016, 0, 0, 0],
		[40, "PAD9_29", 780, 3024.99, "B", "SMD", "U8_29", "", "R", 94.488, 94.488, 0, 0, 180],
		[41, "PAD10_2", 856.09, 3060.42, "B", "SMD", "U8_2", "", "R", 8.661, 26.181, 0, 0, 90],
		[42, "PAD11_3", 856.09, 3042.71, "B", "SMD", "VDD", "", "R", 8.661, 26.181, 0, 0, 90],
		[43, "PAD12_4", 856.09, 3024.99, "B", "SMD", "GND", "GND", "R", 8.661, 26.181, 0, 0, 90],
		[44, "PAD13_5", 856.09, 3007.27, "B", "SMD", "U8_5", "", "R", 8.661, 26.181, 0, 0, 90],
		[45, "PAD14_6", 856.09, 2989.56, "B", "SMD", "U8_6", "", "R", 8.661, 26.181, 0, 0, 90],
		[46, "PAD15_8", 833.15, 2948.89, "B", "SMD", "U8_8", "", "P", 8.662, 26.181, 0, 0, 90],
		[47, "PAD16_9", 815.43, 2948.89, "B", "SMD", "U8_9", "", "R", 26.181, 8.661, 0, 0, 90],
		[48, "PAD17_10", 797.72, 2948.89, "B", "SMD", "U8_10", "", "R", 26.181, 8.661, 0, 0, 90],
		[49, "PAD18_11", 780, 2948.89, "B", "SMD", "U8_11", "", "R", 26.181, 8.661, 0, 0, 90],
		[50, "PAD19_12", 762.28, 2948.89, "B", "SMD", "SS0", "", "R", 26.181, 8.661, 0, 0, 90],
		[51, "PAD20_13", 744.57, 2948.89, "B", "SMD", "MISO", "", "R", 26.181, 8.661, 0, 0, 90],
		[52, "PAD21_16", 703.9, 2989.56, "B", "SMD", "U8_16", "", "R", 8.661, 26.181, 0, 0, 90],
		[53, "PAD22_17", 703.9, 3007.27, "B", "SMD", "U8_17", "", "R", 8.661, 26.181, 0, 0, 90],
		[54, "PAD23_18", 703.9, 3024.99, "B", "SMD", "U8_18", "", "R", 8.661, 26.181, 0, 0, 90],
		[55, "PAD24_19", 703.9, 3042.71, "B", "SMD", "A0", "", "R", 8.661, 26.181, 0, 0, 90],
		[56, "PAD25_20", 703.9, 3060.42, "B", "SMD", "A1", "", "R", 8.661, 26.181, 0, 0, 90],
		[57, "PAD26_23", 744.57, 3101.1, "B", "SMD", "A4", "", "R", 26.181, 8.661, 0, 0, 90],
		[58, "PAD27_24", 762.28, 3101.1, "B", "SMD", "U8_24", "", "R", 26.181, 8.661, 0, 0, 90],
		[59, "PAD28_25", 780, 3101.1, "B", "SMD", "U8_25", "", "R", 26.181, 8.661, 0, 0, 90],
		[60, "PAD29_26", 797.72, 3101.1, "B", "SMD", "U8_26", "", "R", 26.181, 8.661, 0, 0, 90],
		[61, "PAD30_27", 815.43, 3101.1, "B", "SMD", "U8_27", "", "R", 26.181, 8.661, 0, 0, 90],
		[62, "PAD31_7", 856.1, 2971.84, "B", "SMD", "U8_7", "", "P", 26.181, 8.662, 0, 0, 180],
		[63, "PAD32_14", 726.85, 2948.89, "B", "SMD", "MOSI", "", "P", 8.662, 26.18, 0, 0, 90],
		[64, "PAD33_15", 703.9, 2971.84, "B", "SMD", "SCLK", "", "P", 26.181, 8.663, 0, 0, 0],
		[65, "PAD34_21", 703.9, 3078.14, "B", "SMD", "A2", "", "P", 26.18, 8.663, 0, 0, 0],
		[66, "PAD35_22", 726.85, 3101.09, "B", "SMD", "A3", "", "P", 8.661, 26.181, 0, 0, 270],
		[67, "PAD36_28", 833.14, 3101.1, "B", "SMD", "U8_28", "", "P", 8.661, 26.182, 0, 0, 270],
		[68, "PAD37_1", 856.09, 3078.14, "B", "SMD", "U8_1", "", "P", 26.181, 8.663, 0, 0, 180],
		[69, "PAD38_3", 797.993, 3400, "T", "SMD", "A0", "", "R", 98.4252, 98.4252, 0, 0, 0],
		[70, "PAD39_2", 661.1728, 3400, "T", "SMD", "A1", "", "R", 98.4252, 98.4252, 0, 0, 0],
		[71, "PAD40_1", 530, 3400, "T", "SMD", "A2", "", "R", 98.4252, 98.4252, 0, 0, 0],
		[72, "PAD41_1", 405, 3400, "T", "SMD", "A3", "", "R", 98.4252, 98.4252, 0, 0, 0],
		[73, "PAD42_1", 930, 3400, "T", "SMD", "VDD", "", "R", 98.4252, 98.4252, 0, 0, 0],
		[74, "PAD43_2", 1069.6951, 3400, "T", "SMD", "U9_2", "", "R", 98.4252, 98.4252, 0, 0, 0],
		[75, "PAD44_1", 1165, 3160, "T", "SMD", "GND", "GND", "R", 98.4252, 98.4252, 0, 0, 0],
		[76, "PAD45_1", 405, 2985, "T", "SMD", "A4", "", "R", 98.4252, 98.4252, 0, 0, 0]
	]
}
}