{
"lengthUnit": "mil",
"remark": [],
"components": {
	"fields": ["COMPONENT_NO", "COMPONENT_NAME", "LAYER", "X_COORDINATE", "Y_COORDINATE", "ANGLE"],
	"rows": [
		[1, "CN1", "T", 505, 3525, 0],
		[2, "R6", "T", 750, 3200, 0],
		[3, "R7", "T", 755, 3395, 0],
		[4, "R8", "T", 755, 3645, 0],
		[5, "R9", "T", 755, 3825, 0],
		[6, "U6", "B", 250, 3515, 90],
		[7, "PAD1", "T", 870, 3840, 0],
		[8, "PAD2", "T", 870, 3650, 0],
		[9, "PAD3", "T", 870, 3395, 0],
		[10, "PAD4", "T", 870, 3210, 0],
		[11, "PAD5", "B", 214.556, 3306.344, 0],
		[12, "PAD6", "B", 214.556, 3723.666, 0],
		[13, "PAD7", "B", 285.43, 3416.57, 0],
		[14, "PAD8", "B", 285.43, 3455.94, 0],
		[15, "PAD9", "B", 285.43, 3495.31, 0],
		[16, "PAD10", "B", 285.43, 3534.68, 0],
		[17, "PAD11", "B", 285.43, 3574.05, 0],
		[18, "PAD12", "B", 285.43, 3613.42, 0],
		[19, "PAD13", "T", 767.04, 3200, 0],
		[20, "PAD14", "T", 732.96, 3200, 0],
		[21, "PAD15", "T", 772.04, 3395, 0],
		[22, "PAD16", "T", 737.96, 3395, 0],
		[23, "PAD17", "T", 772.04, 3645, 0],
		[24, "PAD18", "T", 737.96, 3645, 0],
		[25, "PAD19", "T", 772.04, 3825, 0],
		[26, "PAD20", "T", 737.96, 3825, 0],
		[27, "PAD21", "T", 455, 3702.165, 0],
		[28, "PAD22", "T", 455, 3347.835, 0],
		[29, "PAD23", "T", 505, 3702.165, 0],
		[30, "PAD24", "T", 505, 3347.835, 0],
		[31, "PAD25", "T", 555, 3702.165, 0],
		[32, "PAD26", "T", 555, 3347.835, 0]
	]
},
"pins": {
	"fields": ["PIN_NO", "PIN_NAME", "PIN_X", "PIN_Y", "LAYER", "PIN_TYPE", "NET_NAME", "NET_TYPE", "PAD_SHAPE", "PAD_SIZEX", "PAD_SIZEY", "HOLE_SIZE", "HOLE_LEN", "PAD_ANGLE"],
	"rows": [
		[1, "CN1_1", 555, 3347.835, "T", "SMD", "VDD", "", "R", 40.157, 157.48, 0, 0, 0],
		[2, "CN1_2", 555, 3702.165, "T", "SMD", "GND", "GND", "R", 40.157, 157.48, 0, 0, 0],
		[3, "CN1_3", 505, 3347.835, "T", "SMD", "MOSI", "", "R", 40.157, 157.48, 0, 0, 0],
		[4, "CN1_4", 505, 3702.165, "T", "SMD", "MISO", "", "R", 40.157, 157.48, 0, 0, 0],
		[5, "CN1_5", 455, 3347.835, "T", "SMD", "SCLK", "", "R", 40.157, 157.48, 0, 0, 0],
		[6, "CN1_6", 455, 3702.165, "T", "SMD", "SS0", "", "R", 40.157, 157.48, 0, 0, 0],
		[7, "R6_1", 732.96, 3200, "T", "SMD", "MOSI", "", "R", 22.27, 21.26, 0, 0, 0],
		[8, "R6_2", 767.04, 3200, "T", "SMD", "MOSI1", "", "R", 22.27, 21.26, 0, 0, 0],
		[9, "R7_1", 737.96, 3395, "T", "SMD", "SCLK", "", "R", 22.27, 21.26, 0, 0, 0],
		[10, "R7_2", 772.04, 3395, "T", "SMD", "SCLK1", "", "R", 22.27, 21.26, 0, 0, 0],
		[11, "R8_1", 737.96, 3645, "T", "SMD", "SS0", "", "R", 22.27, 21.26, 0, 0, 0],
		[12, "R8_2", 772.04, 3645, "T", "SMD", "SS01", "", "R", 22.27, 21.26, 0, 0, 0],
		[13, "R9_1", 737.96, 3825, "T", "SMD", "MISO", "", "R", 22.27, 21.26, 0, 0, 0],
		[14, "R9_2", 772.04, 3825, "T", "SMD", "MISO1", "", "R", 22.27, 21.26, 0, 0, 0],
		[15, "U6_1", 285.43, 3416.57, "B", "SMD", "VDD", "", "R", 23.622, 98.425, 0, 0, 90],
		[16, "U6_2", 285.43, 3455.94, "B", "SMD", "GND", "GND", "R", 23.622, 98.425, 0, 0, 90],
		[17, "U6_3", 285.43, 3495.31, "B", "SMD", "MOSI", "", "R", 23.622, 98.425, 0, 0, 90],
		[18, "U6_4", 285.43, 3534.68, "B", "SMD", "MISO", "", "R", 23.622, 98.425, 0, 0, 90],
		[19, "U6_5", 285.43, 3574.05, "B", "SMD", "SCLK", "", "R", 23.622, 98.425, 0, 0, 90],
		[20, "U6_6", 285.43, 3613.42, "B", "SMD", "SS0", "", "R", 23.622, 98.425, 0, 0, 90],
		[21, "U6_7", 214.556, 3306.344, "B", "SMD", "GND", "GND", "R", 118.11, 133.858, 0, 0, 90],
		[22, "U6_8", 214.556, 3723.666, "B", "SMD", "GND", "GND", "R", 118.11, 133.858, 0, 0, 90],
		[23, "PAD1_8", 870, 3840, "T", "SMD", "MISO1", "", "R", 118.11, 133.858, 0, 0, 90],
		[24, "PAD2_8", 870, 3650, "T", "SMD", "SS01", "", "R", 118.11, 133.858, 0, 0, 90],
		[25, "PAD3_8", 870, 3395, "T", "SMD", "SCLK1", "", "R", 118.11, 133.858, 0, 0, 90],
		[26, "PAD4_8", 870, 3210, "T", "SMD", "MOSI1", "", "R", 118.11, 133.858, 0, 0, 90],
		[27, "PAD5_7", 214.556, 3306.344, "B", "SMD", "GND", "GND", "R", 118.11, 133.858, 0, 0, 90],
		[28, "PAD6_8", 214.556, 3723.666, "B", "SMD", "GND", "GND", "R", 118.11, 133.858, 0, 0, 90],
		[29, "PAD7_1", 285.43, 3416.57, "B", "SMD", "VDD", "", "R", 23.622, 98.425, 0, 0, 90],
		[30, "PAD8_2", 285.43, 3455.94, "B", "SMD", "GND", "GND", "R", 23.622, 98.425, 0, 0, 90],
		[31, "PAD9_3", 285.43, 3495.31, "B", "SMD", "MOSI", "", "R", 23.622, 98.425, 0, 0, 90],
		[32, "PAD10_4", 285.43, 3534.68, "B", "SMD", "MISO", "", "R", 23.622, 98.425, 0, 0, 90],
		[33, "PAD11_5", 285.43, 3574.05, "B", "SMD", "SCLK", "", "R", 23.622, 98.425, 0, 0, 90],
		[34, "PAD12_6", 285.43, 3613.42, "B", "SMD", "SS0", "", "R", 23.622, 98.425, 0, 0, 90],
		[35, "PAD13_2", 767.04, 3200, "T", "SMD", "MOSI1", "", "R", 22.27, 21.26, 0, 0, 0],
		[36, "PAD14_1", 732.96, 3200, "T", "SMD", "MOSI", "", "R", 22.27, 21.26, 0, 0, 0],
		[37, "PAD15_2", 772.04, 3395, "T", "SMD", "SCLK1", "", "R", 22.27, 21.26, 0, 0, 0],
		[38, "PAD16_1", 737.96, 3395, "T", "SMD", "SCLK", "", "R", 22.27, 21.26, 0, 0, 0],
		[39, "PAD17_2", 772.04, 3645, "T", "SMD", "SS01", "", "R", 22.27, 21.26, 0, 0, 0],
		[40, "PAD18_1", 737.96, 3645, "T", "SMD", "SS0", "", "R", 22.27, 21.26, 0, 0, 0],
		[41, "PAD19_2", 772.04, 3825, "T", "SMD", "MISO1", "", "R", 22.27, 21.26, 0, 0, 0],
		[42, "PAD20_1", 737.96, 3825, "T", "SMD", "MISO", "", "R", 22.27, 21.26, 0, 0, 0],
		[43, "PAD21_6", 455, 3702.165, "T", "SMD", "SS0", "", "R", 40.157, 157.48, 0, 0, 0],
		[44, "PAD22_5", 455, 3347.835, "T", "SMD", "SCLK", "", "R", 40.157, 157.48, 0, 0, 0],
		[45, "PAD23_4", 505, 3702.165, "T", "SMD", "MISO", "", "R", 40.157, 157.48, 0, 0, 0],
		[46, "PAD24_3", 505, 3347.835, "T", "SMD", "MOSI", "", "R", 40.157, 157.48, 0, 0, 0],
		[47, "PAD25_2", 555, 3702.165, "T", "SMD", "GND", "GND", "R", 40.157, 157.48, 0, 0, 0],
		[48, "PAD26_1", 555, 3347.835, "T", "SMD", "VDD", "", "R", 40.157, 157.48, 0, 0, 0]
	]
}
}