{
"lengthUnit": "mil",
"remark": [],
"components": {
	"fields": ["COMPONENT_NO", "COMPONENT_NAME", "LAYER", "X_COORDINATE", "Y_COORDINATE", "ANGLE"],
	"rows": [
		[1, "R1", "T", 440, 3250, 0],
		[2, "R2", "T", 1030, 3395, 0],
		[3, "R3", "T", 1100, 2800, 180],
		[4, "R4", "T", 545, 2680, 90],
		[5, "U8", "B", 780, 3025, 180],
		[6, "U9", "T", 500, 3025, 90],
		[7, "U10", "T", 770, 3305, 0],
		[8, "U11", "T", 1040, 3020, 270],
		[9, "U12", "T", 770, 2740, 180],
		[10, "PAD1", "B", 715, 1610, 0],
		[11, "PAD2", "B", 815, 1610, 0],
		[12, "PAD3", "B", 765, 1610, 0],
		[13, "PAD4", "T", 765, 1610, 0],
		[14, "PAD5", "T", 815, 1610, 0],
		[15, "PAD6", "T", 715, 1610, 0],
		[16, "PAD7", "T", 469.66, 3250, 0],
		[17, "PAD8", "T", 410.34, 3250, 0],
		[18, "PAD9", "T", 1059.66, 3395, 0],
		[19, "PAD10", "T", 1000.34, 3395, 0],
		[20, "PAD11", "T", 1070.34, 2800, 0],
		[21, "PAD12", "T", 1129.66, 2800, 0],
		[22, "PAD13", "T", 545, 2709.66, 0],
		[23, "PAD14", "T", 545, 2650.34, 0],
		[24, "PAD15", "T", 411.42, 2897.05, 0],
		[25, "PAD15", "B", 411.42, 2897.05, 0],
		[26, "PAD16", "T", 411.42, 3152.95, 0],
		[27, "PAD16", "B", 411.42, 3152.95, 0],
		[28, "PAD17", "T", 588.58, 2897.05, 0],
		[29, "PAD17", "B", 588.58, 2897.05, 0],
		[30, "PAD18", "T", 588.58, 3152.95, 0],
		[31, "PAD18", "B", 588.58, 3152.95, 0],
		[32, "PAD19", "T", 642.05, 3393.58, 0],
		[33, "PAD19", "B", 642.05, 3393.58, 0],
		[34, "PAD20", "T", 897.95, 3393.58, 0],
		[35, "PAD20", "B", 897.95, 3393.58, 0],
		[36, "PAD21", "T", 642.05, 3216.42, 0],
		[37, "PAD21", "B", 642.05, 3216.42, 0],
		[38, "PAD22", "T", 897.95, 3216.42, 0],
		[39, "PAD22", "B", 897.95, 3216.42, 0],
		[40, "PAD23", "T", 1128.58, 3147.95, 0],
		[41, "PAD23", "B", 1128.58, 3147.95, 0],
		[42, "PAD24", "T", 1128.58, 2892.05, 0],
		[43, "PAD24", "B", 1128.58, 2892.05, 0],
		[44, "PAD25", "T", 951.42, 3147.95, 0],
		[45, "PAD25", "B", 951.42, 3147.95, 0],
		[46, "PAD26", "T", 951.42, 2892.05, 0],
		[47, "PAD26", "B", 951.42, 2892.05, 0],
		[48, "PAD27", "T", 897.95, 2651.42, 0],
		[49, "PAD27", "B", 897.95, 2651.42, 0],
		[50, "PAD28", "T", 642.05, 2651.42, 0],
		[51, "PAD28", "B", 642.05, 2651.42, 0],
		[52, "PAD29", "T", 897.95, 2828.58, 0],
		[53, "PAD29", "B", 897.95, 2828.58, 0],
		[54, "PAD30", "T", 642.05, 2828.58, 0],
		[55, "PAD30", "B", 642.05, 2828.58, 0],
		[56, "PAD31", "B", 780, 3024.99, 0],
		[57, "PAD32", "B", 856.09, 3060.42, 0],
		[58, "PAD33", "B", 856.09, 3042.71, 0],
		[59, "PAD34", "B", 856.09, 3024.99, 0],
		[60, "PAD35", "B", 856.09, 3007.27, 0],
		[61, "PAD36", "B", 856.09, 2989.56, 0],
		[62, "PAD37", "B", 833.15, 2948.89, 0],
		[63, "PAD38", "B", 815.43, 2948.89, 0],
		[64, "PAD39", "B", 797.72, 2948.89, 0],
		[65, "PAD40", "B", 780, 2948.89, 0],
		[66, "PAD41", "B", 762.28, 2948.89, 0],
		[67, "PAD42", "B", 744.57, 2948.89, 0],
		[68, "PAD43", "B", 703.9, 2989.56, 0],
		[69, "PAD44", "B", 703.9, 3007.27, 0],
		[70, "PAD45", "B", 703.9, 3024.99, 0],
		[71, "PAD46", "B", 703.9, 3042.71, 0],
		[72, "PAD47", "B", 703.9, 3060.42, 0],
		[73, "PAD48", "B", 744.57, 3101.1, 0],
		[74, "PAD49", "B", 762.28, 3101.1, 0],
		[75, "PAD50", "B", 780, 3101.1, 0],
		[76, "PAD51", "B", 797.72, 3101.1, 0],
		[77, "PAD52", "B", 815.43, 3101.1, 0],
		[78, "PAD53", "B", 856.1, 2971.84, 0],
		[79, "PAD54", "B", 726.85, 2948.89, 0],
		[80, "PAD55", "B", 703.9, 2971.84, 0],
		[81, "PAD56", "B", 703.9, 3078.14, 0],
		[82, "PAD57", "B", 726.85, 3101.09, 0],
		[83, "PAD58", "B", 833.14, 3101.1, 0],
		[84, "PAD59", "B", 856.09, 3078.14, 0]
	]
},
"pins": {
	"fields": ["PIN_NO", "PIN_NAME", "PIN_X", "PIN_Y", "LAYER", "PIN_TYPE", "NET_NAME", "NET_TYPE", "PAD_SHAPE", "PAD_SIZEX", "PAD_SIZEY", "HOLE_SIZE", "HOLE_LEN", "PAD_ANGLE"],
	"rows": [
		[1, "R1_1", 410.34, 3250, "T", "SMD", "U9_2", "", "R", 31.751, 34.016, 0, 0, 0],
		[2, "R1_2", 469.66, 3250, "T", "SMD", "GND", "GND", "R", 31.751, 34.016, 0, 0, 0],
		[3, "R2_1", 1000.34, 3395, "T", "SMD", "R2_1", "", "R", 31.751, 34.016, 0, 0, 0],
		[4, "R2_2", 1059.66, 3395, "T", "SMD", "GND", "GND", "R", 31.751, 34.016, 0, 0, 0],
		[5, "R3_1", 1129.66, 2800, "T", "SMD", "R3_1", "", "R", 31.751, 34.016, 0, 0, 180],
		[6, "R3_2", 1070.34, 2800, "T", "SMD", "GND", "GND", "R", 31.751, 34.016, 0, 0, 180],
		[7, "R4_1", 545, 2650.34, "T", "SMD", "R4_1", "", "R", 31.751, 34.016, 0, 0, 90],
		[8, "R4_2", 545, 2709.66, "T", "SMD", "GND", "GND", "R", 31.751, 34.016, 0, 0, 90],
		[9, "U8_1", 856.09, 3078.14, "B", "SMD", "U8_1", "", "P", 26.181, 8.663, 0, 0, 180],
		[10, "U8_2", 856.09, 3060.42, "B", "SMD", "U8_2", "", "R", 8.661, 26.181, 0, 0, 90],
		[11, "U8_3", 856.09, 3042.71, "B", "SMD", "VDD", "", "R", 8.661, 26.181, 0, 0, 90],
		[12, "U8_4", 856.09, 3024.99, "B", "SMD", "GND", "GND", "R", 8.661, 26.181, 0, 0, 90],
		[13, "U8_5", 856.09, 3007.27, "B", "SMD", "U8_5", "", "R", 8.661, 26.181, 0, 0, 90],
		[14, "U8_6", 856.09, 2989.56, "B", "SMD", "U8_6", "", "R", 8.661, 26.181, 0, 0, 90],
		[15, "U8_7", 856.1, 2971.84, "B", "SMD", "U8_7", "", "P", 26.181, 8.662, 0, 0, 180],
		[16, "U8_8", 833.15, 2948.89, "B", "SMD", "U8_8", "", "P", 8.662, 26.181, 0, 0, 90],
		[17, "U8_9", 815.43, 2948.89, "B", "SMD", "U8_9", "", "R", 26.181, 8.661, 0, 0, 90],
		[18, "U8_10", 797.72, 2948.89, "B", "SMD", "U8_10", "", "R", 26.181, 8.661, 0, 0, 90],
		[19, "U8_11", 780, 2948.89, "B", "SMD", "U8_11", "", "R", 26.181, 8.661, 0, 0, 90],
		[20, "U8_12", 762.28, 2948.89, "B", "SMD", "SS0", "", "R", 26.181, 8.661, 0, 0, 90],
		[21, "U8_13", 744.57, 2948.89, "B", "SMD", "MISO", "", "R", 26.181, 8.661, 0, 0, 90],
		[22, "U8_14", 726.85, 2948.89, "B", "SMD", "MOSI", "", "P", 8.662, 26.18, 0, 0, 90],
		[23, "U8_15", 703.9, 2971.84, "B", "SMD", "SCLK", "", "P", 26.181, 8.663, 0, 0, 0],
		[24, "U8_16", 703.9, 2989.56, "B", "SMD", "U8_16", "", "R", 8.661, 26.181, 0, 0, 90],
		[25, "U8_17", 703.9, 3007.27, "B", "SMD", "U8_17", "", "R", 8.661, 26.181, 0, 0, 90],
		[26, "U8_18", 703.9, 3024.99, "B", "SMD", "U8_18", "", "R", 8.661, 26.181, 0, 0, 90],
		[27, "U8_19", 703.9, 3042.71, "B", "SMD", "A0", "", "R", 8.661, 26.181, 0, 0, 90],
		[28, "U8_20", 703.9, 3060.42, "B", "SMD", "A1", "", "R", 8.661, 26.181, 0, 0, 90],
		[29, "U8_21", 703.9, 3078.14, "B", "SMD", "A2", "", "P", 26.18, 8.663, 0, 0, 0],
		[30, "U8_22", 726.85, 3101.09, "B", "SMD", "A3", "", "P", 8.661, 26.181, 0, 0, 270],
		[31, "U8_23", 744.57, 3101.1, "B", "SMD", "A4", "", "R", 26.181, 8.661, 0, 0, 90],
		[32, "U8_24", 762.28, 3101.1, "B", "SMD", "U8_24", "", "R", 26.181, 8.661, 0, 0, 90],
		[33, "U8_25", 780, 3101.1, "B", "SMD", "U8_25", "", "R", 26.181, 8.661, 0, 0, 90],
		[34, "U8_26", 797.72, 3101.1, "B", "SMD", "U8_26", "", "R", 26.181, 8.661, 0, 0, 90],
		[35, "U8_27", 815.43, 3101.1, "B", "SMD", "U8_27", "", "R", 26.181, 8.661, 0, 0, 90],
		[36, "U8_28", 833.14, 3101.1, "B", "SMD", "U8_28", "", "P", 8.661, 26.182, 0, 0, 270],
		[37, "U8_29", 780, 3024.99, "B", "SMD", "U8_29", "", "R", 94.488, 94.488, 0, 0, 180],
		[38, "U9_1", 411.42, 2897.05, "T", "DIP", "VDD", "", "C", 70.866, 70.866, 47.244, 47.244, 90],
		[39, "U9_1", 411.42, 2897.05, "B", "DIP", "VDD", "", "C", 70.866, 70.866, 47.244, 47.244, 90],
		[40, "U9_2", 411.42, 3152.95, "T", "DIP", "U9_2", "", "C", 70.866, 70.866, 47.244, 47.244, 90],
		[41, "U9_2", 411.42, 3152.95, "B", "DIP", "U9_2", "", "C", 70.866, 70.866, 47.244, 47.244, 90],
		[42, "U9_3", 588.58, 2897.05, "T", "DIP", "U9_3", "", "C", 70.866, 70.866, 47.244, 47.244, 90],
		[43, "U9_3", 588.58, 2897.05, "B", "DIP", "U9_3", "", "C", 70.866, 70.866, 47.244, 47.244, 90],
		[44, "U9_4", 588.58, 3152.95, "T", "DIP", "A0", "", "C", 70.866, 70.866, 47.244, 47.244, 90],
		[45, "U9_4", 588.58, 3152.95, "B", "DIP", "A0", "", "C", 70.866, 70.866, 47.244, 47.244, 90],
		[46, "U10_1", 642.05, 3393.58, "T", "DIP", "VDD", "", "C", 70.866, 70.866, 47.244, 47.244, 0],
		[47, "U10_1", 642.05, 3393.58, "B", "DIP", "VDD", "", "C", 70.866, 70.866, 47.244, 47.244, 0],
		[48, "U10_2", 897.95, 3393.58, "T", "DIP", "R2_1", "", "C", 70.866, 70.866, 47.244, 47.244, 0],
		[49, "U10_2", 897.95, 3393.58, "B", "DIP", "R2_1", "", "C", 70.866, 70.866, 47.244, 47.244, 0],
		[50, "U10_3", 642.05, 3216.42, "T", "DIP", "U10_3", "", "C", 70.866, 70.866, 47.244, 47.244, 0],
		[51, "U10_3", 642.05, 3216.42, "B", "DIP", "U10_3", "", "C", 70.866, 70.866, 47.244, 47.244, 0],
		[52, "U10_4", 897.95, 3216.42, "T", "DIP", "A1", "", "C", 70.866, 70.866, 47.244, 47.244, 0],
		[53, "U10_4", 897.95, 3216.42, "B", "DIP", "A1", "", "C", 70.866, 70.866, 47.244, 47.244, 0],
		[54, "U11_1", 1128.58, 3147.95, "T", "DIP", "VDD", "", "C", 70.866, 70.866, 47.244, 47.244, 270],
		[55, "U11_1", 1128.58, 3147.95, "B", "DIP", "VDD", "", "C", 70.866, 70.866, 47.244, 47.244, 270],
		[56, "U11_2", 1128.58, 2892.05, "T", "DIP", "R3_1", "", "C", 70.866, 70.866, 47.244, 47.244, 270],
		[57, "U11_2", 1128.58, 2892.05, "B", "DIP", "R3_1", "", "C", 70.866, 70.866, 47.244, 47.244, 270],
		[58, "U11_3", 951.42, 3147.95, "T", "DIP", "U11_3", "", "C", 70.866, 70.866, 47.244, 47.244, 270],
		[59, "U11_3", 951.42, 3147.95, "B", "DIP", "U11_3", "", "C", 70.866, 70.866, 47.244, 47.244, 270],
		[60, "U11_4", 951.42, 2892.05, "T", "DIP", "A2", "", "C", 70.866, 70.866, 47.244, 47.244, 270],
		[61, "U11_4", 951.42, 2892.05, "B", "DIP", "A2", "", "C", 70.866, 70.866, 47.244, 47.244, 270],
		[62, "U12_1", 897.95, 2651.42, "T", "DIP", "VDD", "", "C", 70.866, 70.866, 47.244, 47.244, 180],
		[63, "U12_1", 897.95, 2651.42, "B", "DIP", "VDD", "", "C", 70.866, 70.866, 47.244, 47.244, 180],
		[64, "U12_2", 642.05, 2651.42, "T", "DIP", "R4_1", "", "C", 70.866, 70.866, 47.244, 47.244, 180],
		[65, "U12_2", 642.05, 2651.42, "B", "DIP", "R4_1", "", "C", 70.866, 70.866, 47.244, 47.244, 180],
		[66, "U12_3", 897.95, 2828.58, "T", "DIP", "U12_3", "", "C", 70.866, 70.866, 47.244, 47.244, 180],
		[67, "U12_3", 897.95, 2828.58, "B", "DIP", "U12_3", "", "C", 70.866, 70.866, 47.244, 47.244, 180],
		[68, "U12_4", 642.05, 2828.58, "T", "DIP", "A3", "", "C", 70.866, 70.866, 47.244, 47.244, 180],
		[69, "U12_4", 642.05, 2828.58, "B", "DIP", "A3", "", "C", 70.866, 70.866, 47.244, 47.244, 180],
		[70, "PAD1_6", 715, 1610, "B", "SMD", "SS0", "", "R", 40.157, 157.48, 0, 0, 0],
		[71, "PAD2_2", 815, 1610, "B", "SMD", "GND", "GND", "R", 40.157, 157.48, 0, 0, 0],
		[72, "PAD3_4", 765, 1610, "B", "SMD", "MISO", "", "R", 40.157, 157.48, 0, 0, 0],
		[73, "PAD4_3", 765, 1610, "T", "SMD", "MOSI", "", "R", 40.157, 157.48, 0, 0, 0],
		[74, "PAD5_1", 815, 1610, "T", "SMD", "VDD", "", "R", 40.157, 157.48, 0, 0, 0],
		[75, "PAD6_5", 715, 1610, "T", "SMD", "SCLK", "", "R", 40.157, 157.48, 0, 0, 0],
		[76, "PAD7_2", 469.66, 3250, "T", "SMD", "GND", "GND", "R", 31.751, 34.016, 0, 0, 0],
		[77, "PAD8_1", 410.34, 3250, "T", "SMD", "U9_2", "", "R", 31.751, 34.016, 0, 0, 0],
		[78, "PAD9_2", 1059.66, 3395, "T", "SMD", "GND", "GND", "R", 31.751, 34.016, 0, 0, 0],
		[79, "PAD10_1", 1000.34, 3395, "T", "SMD", "R2_1", "", "R", 31.751, 34.016, 0, 0, 0],
		[80, "PAD11_2", 1070.34, 2800, "T", "SMD", "GND", "GND", "R", 31.751, 34.016, 0, 0, 180],
		[81, "PAD12_1", 1129.66, 2800, "T", "SMD", "R3_1", "", "R", 31.751, 34.016, 0, 0, 180],
		[82, "PAD13_2", 545, 2709.66, "T", "SMD", "GND", "GND", "R", 31.751, 34.016, 0, 0, 90],
		[83, "PAD14_1", 545, 2650.34, "T", "SMD", "R4_1", "", "R", 31.751, 34.016, 0, 0, 90],
		[84, "PAD15_1", 411.42, 2897.05, "T", "DIP", "VDD", "", "C", 70.866, 70.866, 47.244, 47.244, 90],
		[85, "PAD15_1", 411.42, 2897.05, "B", "DIP", "VDD", "", "C", 70.866, 70.866, 47.244, 47.244, 90],
		[86, "PAD16_2", 411.42, 3152.95, "T", "DIP", "U9_2", "", "C", 70.866, 70.866, 47.244, 47.244, 90],
		[87, "PAD16_2", 411.42, 3152.95, "B", "DIP", "U9_2", "", "C", 70.866, 70.866, 47.244, 47.244, 90],
		[88, "PAD17_3", 588.58, 2897.05, "T", "DIP", "U9_3", "", "C", 70.866, 70.866, 47.244, 47.244, 90],
		[89, "PAD17_3", 588.58, 2897.05, "B", "DIP", "U9_3", "", "C", 70.866, 70.866, 47.244, 47.244, 90],
		[90, "PAD18_4", 588.58, 3152.95, "T", "DIP", "A0", "", "C", 70.866, 70.866, 47.244, 47.244, 90],
		[91, "PAD18_4", 588.58, 3152.95, "B", "DIP", "A0", "", "C", 70.866, 70.866, 47.244, 47.244, 90],
		[92, "PAD19_1", 642.05, 3393.58, "T", "DIP", "VDD", "", "C", 70.866, 70.866, 47.244, 47.244, 0],
		[93, "PAD19_1", 642.05, 3393.58, "B", "DIP", "VDD", "", "C", 70.866, 70.866, 47.244, 47.244, 0],
		[94, "PAD20_2", 897.95, 3393.58, "T", "DIP", "R2_1", "", "C", 70.866, 70.866, 47.244, 47.244, 0],
		[95, "PAD20_2", 897.95, 3393.58, "B", "DIP", "R2_1", "", "C", 70.866, 70.866, 47.244, 47.244, 0],
		[96, "PAD21_3", 642.05, 3216.42, "T", "DIP", "U10_3", "", "C", 70.866, 70.866, 47.244, 47.244, 0],
		[97, "PAD21_3", 642.05, 3216.42, "B", "DIP", "U10_3", "", "C", 70.866, 70.866, 47.244, 47.244, 0],
		[98, "PAD22_4", 897.95, 3216.42, "T", "DIP", "A1", "", "C", 70.866, 70.866, 47.244, 47.244, 0],
		[99, "PAD22_4", 897.95, 3216.42, "B", "DIP", "A1", "", "C", 70.866, 70.866, 47.244, 47.244, 0],
		[100, "PAD23_1", 1128.58, 3147.95, "T", "DIP", "VDD", "", "C", 70.866, 70.866, 47.244, 47.244, 270],
		[101, "PAD23_1", 1128.58, 3147.95, "B", "DIP", "VDD", "", "C", 70.866, 70.866, 47.244, 47.244, 270],
		[102, "PAD24_2", 1128.58, 2892.05, "T", "DIP", "R3_1", "", "C", 70.866, 70.866, 47.244, 47.244, 270],
		[103, "PAD24_2", 1128.58, 2892.05, "B", "DIP", "R3_1", "", "C", 70.866, 70.866, 47.244, 47.244, 270],
		[104, "PAD25_3", 951.42, 3147.95, "T", "DIP", "U11_3", "", "C", 70.866, 70.866, 47.244, 47.244, 270],
		[105, "PAD25_3", 951.42, 3147.95, "B", "DIP", "U11_3", "", "C", 70.866, 70.866, 47.244, 47.244, 270],
		[106, "PAD26_4", 951.42, 2892.05, "T", "DIP", "A2", "", "C", 70.866, 70.866, 47.244, 47.244, 270],
		[107, "PAD26_4", 951.42, 2892.05, "B", "DIP", "A2", "", "C", 70.866, 70.866, 47.244, 47.244, 270],
		[108, "PAD27_1", 897.95, 2651.42, "T", "DIP", "VDD", "", "C", 70.866, 70.866, 47.244, 47.244, 180],
		[109, "PAD27_1", 897.95, 2651.42, "B", "DIP", "VDD", "", "C", 70.866, 70.866, 47.244, 47.244, 180],
		[110, "PAD28_2", 642.05, 2651.42, "T", "DIP", "R4_1", "", "C", 70.866, 70.866, 47.244, 47.244, 180],
		[111, "PAD28_2", 642.05, 2651.42, "B", "DIP", "R4_1", "", "C", 70.866, 70.866, 47.244, 47.244, 180],
		[112, "PAD29_3", 897.95, 2828.58, "T", "DIP", "U12_3", "", "C", 70.866, 70.866, 47.244, 47.244, 180],
		[113, "PAD29_3", 897.95, 2828.58, "B", "DIP", "U12_3", "", "C", 70.866, 70.866, 47.244, 47.244, 180],
		[114, "PAD30_4", 642.05, 2828.58, "T", "DIP", "A3", "", "C", 70.866, 70.866, 47.244, 47.244, 180],
		[115, "PAD30_4", 642.05, 2828.58, "B", "DIP", "A3", "", "C", 70.866, 70.866, 47.244, 47.244, 180],
		[116, "PAD31_29", 780, 3024.99, "B", "SMD", "U8_29", "", "R", 94.488, 94.488, 0, 0, 180],
		[117, "PAD32_2", 856.09, 3060.42, "B", "SMD", "U8_2", "", "R", 8.661, 26.181, 0, 0, 90],
		[118, "PAD33_3", 856.09, 3042.71, "B", "SMD", "VDD", "", "R", 8.661, 26.181, 0, 0, 90],
		[119, "PAD34_4", 856.09, 3024.99, "B", "SMD", "GND", "GND", "R", 8.661, 26.181, 0, 0, 90],
		[120, "PAD35_5", 856.09, 3007.27, "B", "SMD", "U8_5", "", "R", 8.661, 26.181, 0, 0, 90],
		[121, "PAD36_6", 856.09, 2989.56, "B", "SMD", "U8_6", "", "R", 8.661, 26.181, 0, 0, 90],
		[122, "PAD37_8", 833.15, 2948.89, "B", "SMD", "U8_8", "", "P", 8.662, 26.181, 0, 0, 90],
		[123, "PAD38_9", 815.43, 2948.89, "B", "SMD", "U8_9", "", "R", 26.181, 8.661, 0, 0, 90],
		[124, "PAD39_10", 797.72, 2948.89, "B", "SMD", "U8_10", "", "R", 26.181, 8.661, 0, 0, 90],
		[125, "PAD40_11", 780, 2948.89, "B", "SMD", "U8_11", "", "R", 26.181, 8.661, 0, 0, 90],
		[126, "PAD41_12", 762.28, 2948.89, "B", "SMD", "SS0", "", "R", 26.181, 8.661, 0, 0, 90],
		[127, "PAD42_13", 744.57, 2948.89, "B", "SMD", "MISO", "", "R", 26.181, 8.661, 0, 0, 90],
		[128, "PAD43_16", 703.9, 2989.56, "B", "SMD", "U8_16", "", "R", 8.661, 26.181, 0, 0, 90],
		[129, "PAD44_17", 703.9, 3007.27, "B", "SMD", "U8_17", "", "R", 8.661, 26.181, 0, 0, 90],
		[130, "PAD45_18", 703.9, 3024.99, "B", "SMD", "U8_18", "", "R", 8.661, 26.181, 0, 0, 90],
		[131, "PAD46_19", 703.9, 3042.71, "B", "SMD", "A0", "", "R", 8.661, 26.181, 0, 0, 90],
		[132, "PAD47_20", 703.9, 3060.42, "B", "SMD", "A1", "", "R", 8.661, 26.181, 0, 0, 90],
		[133, "PAD48_23", 744.57, 3101.1, "B", "SMD", "A4", "", "R", 26.181, 8.661, 0, 0, 90],
		[134, "PAD49_24", 762.28, 3101.1, "B", "SMD", "U8_24", "", "R", 26.181, 8.661, 0, 0, 90],
		[135, "PAD50_25", 780, 3101.1, "B", "SMD", "U8_25", "", "R", 26.181, 8.661, 0, 0, 90],
		[136, "PAD51_26", 797.72, 3101.1, "B", "SMD", "U8_26", "", "R", 26.181, 8.661, 0, 0, 90],
		[137, "PAD52_27", 815.43, 3101.1, "B", "SMD", "U8_27", "", "R", 26.181, 8.661, 0, 0, 90],
		[138, "PAD53_7", 856.1, 2971.84, "B", "SMD", "U8_7", "", "P", 26.181, 8.662, 0, 0, 180],
		[139, "PAD54_14", 726.85, 2948.89, "B", "SMD", "MOSI", "", "P", 8.662, 26.18, 0, 0, 90],
		[140, "PAD55_15", 703.9, 2971.84, "B", "SMD", "SCLK", "", "P", 26.181, 8.663, 0, 0, 0],
		[141, "PAD56_21", 703.9, 3078.14, "B", "SMD", "A2", "", "P", 26.18, 8.663, 0, 0, 0],
		[142, "PAD57_22", 726.85, 3101.09, "B", "SMD", "A3", "", "P", 8.661, 26.181, 0, 0, 270],
		[143, "PAD58_28", 833.14, 3101.1, "B", "SMD", "U8_28", "", "P", 8.661, 26.182, 0, 0, 270],
		[144, "PAD59_1", 856.09, 3078.14, "B", "SMD", "U8_1", "", "P", 26.181, 8.663, 0, 0, 180]
	]
}
}