{
  "fpcStiffeners": [
    {
      "id": "e0",
      "gerber": "Gerber_TopStiffenerLayer_pit_0.2.GTSL",
      "layer": "top",
      "material": "pi",
      "thickness": "0.2",
      "path": [
        [
          [
            "R",
            275.59,
            3503.93,
            984.25,
            984.25,
            0,
            0
          ]
        ]
      ]
    },
    {
      "id": "e129",
      "gerber": "Gerber_TopStiffenerLayer_pit_0.2.GTSL",
      "layer": "top",
      "material": "pi",
      "thickness": "0.2",
      "path": [
        [
          [
            "R",
            520,
            1847.17,
            505,
            129.839,
            0,
            0
          ]
        ]
      ]
    },
    {
      "id": "e130",
      "gerber": "Gerber_TopStiffenerLayer_pit_0.2.GTSL",
      "layer": "top",
      "material": "pi",
      "thickness": "0.2",
      "path": [
        [
          [
            "R",
            615,
            1697.17,
            305,
            175,
            0,
            0
          ]
        ]
      ]
    },
    {
      "id": "e131",
      "gerber": "Gerber_TopStiffenerLayer_pit_0.2.GTSL",
      "layer": "top",
      "material": "pi",
      "thickness": "0.2",
      "path": [
        [
          [
            "R",
            672.2047,
            1717.331,
            197.0393,
            20.161,
            0,
            0
          ]
        ]
      ]
    },
    {
      "id": "e141",
      "gerber": "Gerber_TopStiffenerLayer_pit_0.2.GTSL",
      "layer": "top",
      "material": "pi",
      "thickness": "0.2",
      "path": [
        [
          [
            "R",
            520,
            1847.17,
            505,
            129.839,
            0,
            0
          ]
        ]
      ]
    },
    {
      "id": "e151",
      "gerber": "Gerber_BottomStiffenerLayer_pib_0.2.GBSL",
      "layer": "bottom",
      "material": "pi",
      "thickness": "0.2",
      "path": [
        [
          [
            "R",
            275.59,
            3503.93,
            984.25,
            984.25,
            0,
            0
          ]
        ]
      ]
    },
    {
      "id": "e152",
      "gerber": "Gerber_BottomStiffenerLayer_pib_0.2.GBSL",
      "layer": "bottom",
      "material": "pi",
      "thickness": "0.2",
      "path": [
        [
          [
            "R",
            520,
            1847.17,
            505,
            129.839,
            0,
            0
          ]
        ]
      ]
    },
    {
      "id": "e153",
      "gerber": "Gerber_BottomStiffenerLayer_pib_0.2.GBSL",
      "layer": "bottom",
      "material": "pi",
      "thickness": "0.2",
      "path": [
        [
          [
            "R",
            615,
            1697.17,
            305,
            175,
            0,
            0
          ]
        ]
      ]
    },
    {
      "id": "e162",
      "gerber": "Gerber_BottomStiffenerLayer_pib_0.2.GBSL",
      "layer": "bottom",
      "material": "pi",
      "thickness": "0.2",
      "path": [
        [
          [
            "R",
            672.214,
            1717.17,
            197.786,
            20,
            0,
            0
          ]
        ]
      ]
    }
  ]
}